id,name,email
ae3a050d-287f-4257-a778-cdb4206aa012,Anthony Wells,abc@abc.com
33a51363-1989-4967-93a1-b8e225b91e84,Scott Thompson,abc@abc.com
2f8f7de0-4c62-4b87-8494-6a50d68052ad,Michael Walker,abc@abc.com
46f7be1b-f2bc-4a91-a7c3-88c141564e31,Alicia Clark,abc@abc.com
c616a2a2-5efc-4e22-9db1-50dfa4d331d1,Dawn Williams,abc@abc.com
eb6593b0-95ca-4ca5-9153-41f1f28ae221,Connor Hernandez,abc@abc.com
b515e78b-ff05-45fb-b035-8c6476c509b7,Mark Smith,abc@abc.com
93423179-917e-4abd-96cf-1b60df815813,April Morris,abc@abc.com
aa410077-7868-4030-9a3b-7d0088645702,Eric Adams,abc@abc.com
93dfc61d-0407-42ea-b068-bc405189576b,Amanda Hill,abc@abc.com
7263d533-33d2-4883-973b-3e0f82524929,Connie Harrison,abc@abc.com
b03e0bda-5917-4cc6-9d3a-db6d9358a50f,Shawn Baker,abc@abc.com
91b225e9-53d4-4611-b0ff-a99fc66eb315,Patrick Walls,abc@abc.com
10dd8f06-6bca-45a5-955e-1aa6ef02feab,Jennifer Richardson,abc@abc.com
2b0dbbbb-bfb3-4617-bb7a-128faf67e369,Mary Owens,abc@abc.com
4ae58993-209c-4536-9c9c-f46314f88b00,Lori Butler,abc@abc.com
c1f9e6b0-9a5a-4aa6-91cf-7e734406b769,Charles Adams,abc@abc.com
a7b470ed-9750-41ad-a1c6-05a1594eb11f,Johnny Ryan,abc@abc.com
e4f21427-e4f9-4fa2-ab3c-8d758d488908,Emma Mitchell,abc@abc.com
c0a52dae-0b1b-4f79-9bc4-434d873fb3de,Kayla Brown,abc@abc.com
982acc04-7140-4f66-b180-394913f2991b,Brandy Ford,abc@abc.com
a025198a-69eb-4e84-8a6e-6e832a6de256,Tiffany Turner,abc@abc.com
0b92fd92-9200-47fe-9b57-9ada88fa5821,Christopher Robinson,abc@abc.com
cdcd2016-a73d-450e-ba64-3065dcc280e4,Richard Pitts,abc@abc.com
deb58fb0-1a68-4ae5-a32b-a2a2d9b85bf1,Desiree Scott,abc@abc.com
5ee5aa89-8207-4ec9-bfda-99dd17b0540b,Kerri Wilson,abc@abc.com
54835e31-4673-45f8-9d00-1756cba2d89e,Michael Mendoza,abc@abc.com
989e07c2-2018-4ffa-9fa5-154d4649ba3a,Alicia Webster,abc@abc.com
9031d858-2863-4663-a810-bbc87020f4ec,Cynthia Owens,abc@abc.com
4968b559-3e6c-45e9-a51f-d5f080bb562f,Cheryl Campos,abc@abc.com
f2b7ca47-5056-4b9c-9d49-a9b82a21cc30,Michael Figueroa,abc@abc.com
a4e0cf4c-675b-4e18-b2bc-0ea72cf4be88,Melissa Davis,abc@abc.com
835c5281-694f-40d5-be2c-5e8a4b592592,Amanda Martin,abc@abc.com
2870761b-f222-4298-8421-60ab448a356a,Chase Garcia,abc@abc.com
6f4902f7-6f3e-4ceb-ae24-c987ae028663,Christy Acosta,abc@abc.com
1adbf650-cd61-43b0-a30e-d9f1811850ee,Susan Lara,abc@abc.com
514e7c0d-886b-4233-a9f4-71bb3cd8b42b,Deborah Morgan,abc@abc.com
bb8b6d19-17de-4970-8e23-f60238857d7e,Lisa Lewis,abc@abc.com
3325373b-254c-43d3-a99a-28e4cdcd2a7e,Judy Alvarez,abc@abc.com
98489922-6aac-4e73-8fb9-41ea4a6705fc,Susan Stephens,abc@abc.com
e2ba2be1-c78b-4f87-8ef5-b3ec7d19d113,Susan Mann,abc@abc.com
e1d8db6f-d5ae-45fa-9f39-e3895d7534e3,Maria Cook,abc@abc.com
41ae501a-5442-4b3c-b856-bc7db26bf3c4,Tyrone Ryan,abc@abc.com
3f8b9ce2-f325-4e1e-a9c3-11084b730aa2,Nancy Austin,abc@abc.com
416b65bf-5e91-4b77-a67c-4726f3cb7af6,Jenny Harrell,abc@abc.com
13ee1b8e-a3d3-45dc-855b-53ec17caaf93,Gregory Werner,abc@abc.com
c6a034d4-09e6-4a19-bfaf-98426843b801,Denise Anderson,abc@abc.com
cd82f240-cc9e-4002-b904-65ea714d1701,Douglas Shelton,abc@abc.com
05b08595-9795-4c66-ac62-541e690bfacf,Stephen Robbins,abc@abc.com
d8fb0a99-4610-4b11-bd73-f7c5f33ff51a,Amanda Johnson,abc@abc.com
48edc392-4cfa-4cdf-81f2-af68642f4f5e,David Hanson,abc@abc.com
88e444fe-52cf-46f5-8ead-6f64003eb377,Nancy Mercado,abc@abc.com
67657463-b732-4e9c-b4f5-cadeb5321e69,Jeffrey Love,abc@abc.com
eedbd74b-00e4-4201-8021-316c16846a24,Timothy Gutierrez,abc@abc.com
b81b0fe6-0e85-4f9a-9c9f-bcfa30fc2ec1,Pamela Smith,abc@abc.com
bbef949a-1c55-468d-b2c2-779f8ea605d8,Danny Walker,abc@abc.com
f3998bfa-c9da-4b13-b82b-2a284bb4c95d,Brenda Dillon,abc@abc.com
33ede8b1-b379-48a7-b28b-fcb75f3db369,Michael Welch,abc@abc.com
f4a176af-12f0-4cd7-b1d8-46a05fc37ad3,Jessica Robinson,abc@abc.com
d2d8583a-cf9f-4da9-a0d0-319489a69e88,Joshua Turner,abc@abc.com
6420ec84-1818-4372-82fe-fa6393ffefd6,Andrew George,abc@abc.com
4b048ec2-1d0f-4d6f-8ce0-f5a52db3e5ea,Blake Matthews,abc@abc.com
fa342754-ae36-4d87-8cde-598df735dd41,Kaitlyn Allen,abc@abc.com
3faf89e7-e90f-4c91-bc7e-3c8642284de6,John Fischer,abc@abc.com
9fb1ee6a-9b3b-4d53-9017-cb9373fc5737,Katherine Odom,abc@abc.com
0dd68d2f-0701-4b4b-a099-3d13ad416a36,Andrew Aguirre,abc@abc.com
e2327f6f-bd59-4a69-9763-270ce8002307,Christopher Torres,abc@abc.com
6ac030d2-f440-49ca-a535-a3071ba79dbe,Brenda Miller,abc@abc.com
a0be461c-d606-43f0-b41e-d281dfbd15d4,Ashley Mcdaniel,abc@abc.com
42982bac-963a-4ca5-af57-843a83ef83c0,Jonathan Harris,abc@abc.com
71e58a8c-4ad7-4389-a01d-f1a184412b7d,Bethany Baker,abc@abc.com
4e152d85-c663-461f-a5fa-c3d5c1bae98f,Joy Lam,abc@abc.com
f9ebdc77-64f5-45d5-b4a2-dbdcbefbd40b,James Grant,abc@abc.com
842e7b32-e0a8-4a56-a5b2-b3204190445e,Jessica Thomas,abc@abc.com
666caf4d-840e-496a-8dd9-6363aa661f8c,Jacob Brown,abc@abc.com
e502aad3-1b2c-44dd-b433-82babb9b1834,Martin Barnes,abc@abc.com
d44802e0-97c8-458f-90c7-3602c8e57650,James Gardner,abc@abc.com
0df9f8e3-6ba6-4d88-9e85-f0a9a090b8a6,Michael French,abc@abc.com
1689056a-4691-48c0-9f1b-8bbd1f904cce,Francisco Parker,abc@abc.com
25a0a20f-7953-40f7-aad1-31a05f4e92ce,Brad Williamson,abc@abc.com
36ce2acc-e4df-4489-b843-f82ec63ab947,Leon Oliver,abc@abc.com
56ad53dc-bff1-438a-8ac3-e2633e875202,David Mann,abc@abc.com
53061123-ed71-412b-b513-49b59ab1cce8,Martha Johnson,abc@abc.com
adca60a5-3204-487e-af1f-0f39c63116bf,Patrick Shields,abc@abc.com
99facd33-7b11-4955-aa0d-ccd11800beb0,Diane Davis,abc@abc.com
f70eec88-500f-4473-9ae1-ad10f9539f83,Derrick Brown,abc@abc.com
c786a3e1-60a9-4882-891b-f9f04218fe37,John Simmons II,abc@abc.com
e49ed015-58ce-407a-bdfb-266d06cde798,Chad Jackson,abc@abc.com
bc14bcad-dd91-49cd-b417-9fe5f1a58955,Shelby Gonzalez,abc@abc.com
cecc3f19-8074-4562-be36-571862196a39,Margaret Bass,abc@abc.com
3935fc48-651f-4fb2-a393-8083e17db725,Diane Nguyen,abc@abc.com
bd217042-a43b-44dd-bec1-16cc053f0c4d,Michael Meza,abc@abc.com
3ddc958e-73f5-4fe9-804e-d63c8b9170d6,Julie Robinson,abc@abc.com
84b856b5-026b-481a-89c1-32f0842907e2,Rodney Gonzalez,abc@abc.com
dd8d8143-c9cf-4866-b984-3e701c4c3b16,Scott Chaney,abc@abc.com
7ce1dda9-3e99-4c04-aa50-834a43bd83ed,Christina Roberts,abc@abc.com
4959607d-8f64-43ef-9372-06c3a3f8f1e5,Jonathan Bennett,abc@abc.com
d44b057e-5b14-4e9d-990f-b09169fece9d,Rebecca Rich,abc@abc.com
0420dd2e-09f4-4314-b98e-c92690c804d5,Jody Valencia,abc@abc.com
8bbf796d-0862-41c6-b533-38d6c2bc9d3c,Holly Johnson,abc@abc.com
99aae95a-ea6c-4c77-8073-5aeb26bb3262,Jennifer Garcia,abc@abc.com
d2d00ae1-d1b0-46e2-930b-bfaf26cc44ca,Luis Francis,abc@abc.com
25015e7f-498d-4949-baf2-d441b8a1450a,Hannah Davis,abc@abc.com
270e9066-6312-4eda-9f17-a6de4a4eefa1,Mr. Matthew Meyer,abc@abc.com
ec38604b-5912-4b82-816e-06a9e0f98fc8,Dustin Clarke,abc@abc.com
4fb3b92c-29cc-410f-a898-9784c4c48ac4,Jesse Moore,abc@abc.com
119e6595-ba46-46e1-ae52-fdf444e10005,Deborah Ward,abc@abc.com
5f7b288d-cb7e-461c-bc3d-c07f96c42e96,Allison Oliver,abc@abc.com
b6837528-0a83-4e70-ae36-250817fb8a91,Laura Hernandez,abc@abc.com
ea3ada4c-8ffa-4e73-a51f-27711fefa591,David Leonard,abc@abc.com
6fc7931a-33bd-4305-bd3c-e9d7fe8dc288,Henry Zamora,abc@abc.com
1397b91c-5312-464d-9935-0a1ace220263,Andrea Page,abc@abc.com
d3d62e16-4ca0-4d5b-9ae8-4c4d6eaf41b2,Sean Carter,abc@abc.com
6d1a388a-0c87-44df-9f17-e0d49c469ac0,Carrie Russell MD,abc@abc.com
1ad039c2-f9bf-4da6-b294-1fd1a37e7722,Jonathan Anderson,abc@abc.com
bc29c1ea-80ce-4223-a0af-5f9b97c03158,Jacqueline Pineda,abc@abc.com
749ff409-53cf-4bbb-98a6-f9a633d4afc2,Carlos Leon,abc@abc.com
ef9bb238-718e-4c43-99e9-b6f5e8fd4264,Amy Farmer,abc@abc.com
1a5999d7-b0f4-455a-a9a7-772ab3ce9c34,Elizabeth David,abc@abc.com
158c98c7-470b-44f4-b684-d12e480a993f,Christopher Cooper,abc@abc.com
eb11b17d-706e-409a-9528-64d56652f344,Victor Ramos,abc@abc.com
2569f797-64d6-49a9-843e-865052315731,Erica Walker,abc@abc.com
8b7168ff-3296-4310-bfdc-5f92b96717dc,William Valenzuela,abc@abc.com
98042108-ef08-42f0-95b8-198d4dceb1af,Michael Williams,abc@abc.com
a9cae3f7-9add-44e3-a03c-c8315acf9228,Scott Smith,abc@abc.com
a54f0762-0ac2-4821-bb45-835fd4467f48,Douglas Burgess,abc@abc.com
001504b2-6c31-4687-afc9-908bb72c9b93,Justin Chambers,abc@abc.com
9171b788-9670-478b-97af-405fef7f069f,Danielle Weaver,abc@abc.com
193a32ee-8711-4820-8547-b3c4122d238b,John Washington,abc@abc.com
bc94ad77-6703-48d9-85d9-7908e7cd45a2,Gregory Hayes,abc@abc.com
43cd3e8e-b4af-41ba-9d5e-d797e91bd7e5,Madison Mcintosh,abc@abc.com
6abbe18d-c06a-4f27-8cea-a3dbf5497d76,Charles Waters,abc@abc.com
8a8f825d-1ed3-4156-bc68-1e3e307322a9,Erin Rodriguez,abc@abc.com
5c760ba9-7603-4063-a713-52856b8912ff,Ann Yoder,abc@abc.com
21d62395-e0ab-495f-bb1f-dee68a4a9949,Brendan Hawkins,abc@abc.com
84786179-c5b9-4218-9915-4df552974dc9,Rodney Gardner,abc@abc.com
7ea79686-bd59-4443-b16a-8578414c5fac,Steven Brown,abc@abc.com
2fd7827b-e195-4dab-85b2-b082e2c82848,Anthony Dickson,abc@abc.com
c6f02a81-a6d0-4f8c-855f-a0962d101d75,Mr. Clayton Kramer,abc@abc.com
22934a7b-603e-47f4-91fe-f9c9201b1f0a,Vincent Clark,abc@abc.com
b4193ac1-6e89-489c-b02a-b1d818b45203,Monica Shepard,abc@abc.com
325a993a-4a0f-4fcb-9e2f-39fdc13c29bb,Kevin Graham,abc@abc.com
12e148cc-1390-43fc-8df8-d4e5856ff936,Justin Barrera,abc@abc.com
4912554a-9f45-4d4e-8fff-6754a5065ab2,Samuel Washington,abc@abc.com
c40856a9-cb98-4642-a0a1-e9f9bac15239,Brittany Reed,abc@abc.com
91de27a5-ebaa-4069-8072-e18a6c5b81dd,Sarah Thomas,abc@abc.com
d9d0b6ba-c326-4e07-987c-1d1be376767b,Debra Simmons,abc@abc.com
34748b41-be0e-4a62-92cf-1d4879a952ea,John Long,abc@abc.com
491b1eec-976c-493d-ada6-219995cb411d,Brian Clark,abc@abc.com
19131c2e-7d3a-42d7-b575-eb85b25dd14c,Michael Lucero,abc@abc.com
8ee183a4-1139-4897-8d40-ef8254e38b12,Mrs. Shelly White MD,abc@abc.com
8588c45e-05b6-47e2-b745-0eabb70c471a,Danielle Lewis,abc@abc.com
f4b32a37-f140-4e43-a174-92c5b93a1072,Stephanie Koch,abc@abc.com
8b7c462b-ada3-46a3-a6fe-84ebb8a5a27f,Kenneth Lynch,abc@abc.com
ab77f4cb-2c2f-4eb9-8def-e5aa7f317047,Debra Morrison,abc@abc.com
7f217761-7bec-4949-aacc-d55582df1a6a,Angela Stephens,abc@abc.com
57307958-3c80-447c-a712-3357c2c8d874,Alexander Garner,abc@abc.com
75e50be4-a514-40c7-abe1-a7826fde24f0,Richard Hayes,abc@abc.com
dca98e23-7d05-4e15-994e-01e91a5cb233,Daniel Edwards,abc@abc.com
301927f6-a7dc-4b6f-88ce-b4bcd0c6e79a,Elizabeth Ryan DVM,abc@abc.com
d0565e26-e0ee-4aab-8a75-14a803c67277,Ryan Carpenter,abc@abc.com
5be99647-7647-4bc0-96a5-a6512b2da5fa,Carolyn Moore,abc@abc.com
512a69f9-f2d6-4743-98fd-c5443a04a03d,Charles Oneill,abc@abc.com
90bbe5b4-9f4d-43c8-ad36-eb9478bcd76a,Sheila Fisher,abc@abc.com
165bda2f-26f6-474f-a699-bd06944c2d56,Taylor Blackburn,abc@abc.com
b18cf998-dc82-4c2d-a33d-4b354fdfe6c6,Samantha Kemp,abc@abc.com
b8209d28-7db7-42f2-a5e8-c763400dc258,Derek Cox,abc@abc.com
ba2078ec-a009-42f8-8317-095dc4576c4b,Barbara Jefferson,abc@abc.com
7cb094aa-3dcf-4c0e-865e-f19b73dce7bc,Michael Gallegos,abc@abc.com
d7c363ff-8497-4c19-9bd0-68bbd2b241fe,Andrew Serrano,abc@abc.com
23ab69ea-76cd-42b3-990a-adb46f9491e2,Sharon Sawyer,abc@abc.com
51462404-21ae-4b6a-b134-bf89e2595ae0,Robert Black,abc@abc.com
7d7127cd-4b05-4c64-98ea-5ffb20aa06df,Sally Eaton,abc@abc.com
1f161835-7b61-46a7-b23b-1203fbedaf6b,Philip Haynes,abc@abc.com
6a4efce7-1b03-4f41-9dd2-9e24ef0b4609,Eric Porter,abc@abc.com
4540cfd5-5c44-45cf-aa01-40baa4846484,Tanner Mullen,abc@abc.com
74ddba86-cbf3-42e5-8a23-bec916c31aa9,Jill Contreras,abc@abc.com
53007176-756a-416f-a1f9-6868793ba3e6,Dr. Maria Moreno MD,abc@abc.com
53de7c94-7658-444f-a1ce-1e7a10f9f729,Dale Colon,abc@abc.com
857a1762-23ea-4fe9-8593-0ea6e481d07e,William James,abc@abc.com
2adc98be-0a87-4860-ad4b-dbbc67158657,Shawna Hill,abc@abc.com
233efa28-f26b-4288-bad6-b57ecde16225,Karina Thompson,abc@abc.com
23c1f510-5a69-4b30-a63f-faea2fab1d45,Wendy Ramirez,abc@abc.com
51f0fc04-ddf9-4fc3-8f5a-7045b62ebddc,Casey Martinez,abc@abc.com
ff09a210-7024-4c8d-bffd-042babe3a988,Karen Sanchez,abc@abc.com
32cdffe8-461f-472f-9c1f-a1230bbc4025,Misty Lee,abc@abc.com
2deb586e-4582-4ac5-bd67-321d5a2a6011,Carlos Bass Jr.,abc@abc.com
17fe13d4-33a0-48b8-96a5-8dc089145f1d,Ryan Martinez,abc@abc.com
69de2024-034a-412c-b791-ade91eeea238,Michael Baker Jr.,abc@abc.com
50faffc3-39ca-4f37-9746-02a0f3999895,Seth Frazier,abc@abc.com
ec5cebc5-3ed5-4558-ae86-8a2caa15776a,Benjamin Thomas,abc@abc.com
5beda7b4-5ba3-4bfe-956e-3576ea04fa97,Lindsey Ellison,abc@abc.com
0fbee263-5e0a-4c80-b639-aa607594ef8d,Charlene Robinson,abc@abc.com
f4bb71de-abe5-4494-9194-94885897befe,Lisa Mendoza PhD,abc@abc.com
faf93d18-ea23-433c-88c3-1d652a057a14,Benjamin Bell,abc@abc.com
6f7a2fc9-da07-494e-8f70-50000ae5f65a,Joseph Griffin,abc@abc.com
66c7dbf0-af30-45a7-a955-0253d246f3b1,Arthur Evans,abc@abc.com
bbb7e509-cfce-4fe4-aa37-742ea662c974,John Larson,abc@abc.com
ddc5092d-1c48-47b0-91f0-3e5210739d85,Tracie Martinez,abc@abc.com
56ce4a65-1100-4b9b-a0e6-c4eebcbbdd65,Jonathan Graham,abc@abc.com
92497b3b-d08e-4367-9f73-8db9cdca7f7e,Christian Mathis,abc@abc.com
0d5e6d5c-954c-4bca-8d1a-fa197b913f58,Miguel Ruiz,abc@abc.com
847d29dc-e044-4f35-9d9f-11423f36cdd7,Ashley Johnson,abc@abc.com
6d8ceea9-7362-4190-9301-d429c76993fd,Sandra Ibarra,abc@abc.com
edfe07d3-04c9-4882-860c-23cbb1544c13,Derek Marshall,abc@abc.com
a92fd925-7bf1-4d86-9e8f-8d4c26e5ea36,Edward Ortiz,abc@abc.com
c9e7c8d1-324e-4e2e-9ae2-56809aaa23ab,Dr. Matthew Hancock,abc@abc.com
8fd2d195-2ebe-4f39-b141-a513fe511841,Jay Haley,abc@abc.com
043e81da-90d5-475d-a4f2-5e92f617270b,Theodore Anderson,abc@abc.com
ba5a59fd-850b-4169-b121-a008bd17bcf5,Justin Duarte,abc@abc.com
3b1a29f0-5b46-429d-957a-d2cf81b3c978,Justin Leon,abc@abc.com
b253e66b-023e-4924-9330-9348a83998f6,Dylan Lopez,abc@abc.com
755f8091-aaa7-4a06-808d-71c845def4bc,Nicholas Benson,abc@abc.com
b4d46686-9a85-4985-ac32-766d6b609e9c,Nicole Jackson,abc@abc.com
85b9c820-83a1-4e81-9bc2-7617b2168c83,Lauren Rodriguez,abc@abc.com
47a4c8a7-1037-4de1-b7a5-e29dfe5a4229,Michelle Wiggins,abc@abc.com
106b74e6-847f-4708-8292-18153f6b8eaa,Dillon Flores,abc@abc.com
40235270-804f-4503-bea2-abcf66c17259,Alison White,abc@abc.com
03cd4652-8d3d-4bc4-9190-01d4159f65bf,Robert Skinner,abc@abc.com
156a7609-8874-4a3c-814e-3e1d226500c0,Jay Cruz,abc@abc.com
b3dbbb7e-a855-40c5-87ae-593ba2a179ec,Lynn Ramirez,abc@abc.com
5b3fd1e2-e191-4196-b93d-a864e1df7613,Kelly Holmes,abc@abc.com
7420a58e-b224-4160-8539-ade128df0bf1,Lindsey Hunter,abc@abc.com
08e7fb6b-f5ac-4ab6-a058-c34615e6743e,Louis Walker,abc@abc.com
3f48291d-398f-4d0c-b46b-09e80f413b2a,Cameron Martin,abc@abc.com
9eab3178-b7e9-46e2-a837-ac3fe737429a,Stephanie Williams,abc@abc.com
99235132-bfd2-4c52-89b0-93e6a4f08f15,Ann Morris,abc@abc.com
53ee7d44-519f-4330-98e7-02ae0c8cc8eb,Stacey Miller,abc@abc.com
80ae4d74-44e5-4362-821b-64be94fea66c,Alexandria Jarvis,abc@abc.com
d037edf1-1ff4-4dc6-a764-1498eb672336,Linda Contreras,abc@abc.com
b9f9629b-905e-41c6-878d-87958f6e6fe3,Mr. Brent Ward,abc@abc.com
2605d972-ff2c-4b2e-8e43-829dba00a1cc,Kimberly Barnes,abc@abc.com
b924cbf4-be32-4936-97cc-03bfb8a6a00c,Aaron Gardner,abc@abc.com
336b31f1-e33b-46a8-aa3f-2938a4517084,Andre Sanders,abc@abc.com
67485a19-b3fe-48fc-90d1-3e9b3c72beb5,April Baker,abc@abc.com
7514340a-0e36-4234-90c6-bf1b7f273ba6,George Farrell,abc@abc.com
ff9a07f6-0665-4689-a8b6-cb62c162a20d,Kathy Harris,abc@abc.com
68840dae-413b-4092-ae0f-f613112b68ab,Nicholas Curry,abc@abc.com
6a8daefa-88bd-434d-aa37-67d0202fe415,Mrs. Hannah Figueroa,abc@abc.com
6ae78642-dc9d-43c4-a263-f99c45749d7d,Dr. Erin Turner,abc@abc.com
33b3c300-64d2-4a7a-9c69-eb1951880793,Molly Smith,abc@abc.com
e8a56dd2-0854-43bb-9adc-2d0e242be486,Brittany Thomas,abc@abc.com
09deb3ea-c1fc-43e8-926a-f0277ee0e2a0,Tracy Garcia,abc@abc.com
409215f7-41f4-4409-b1c0-0374f50ee14c,Mr. Adam Carey,abc@abc.com
1633aaeb-aaf6-40a6-9ed8-2307ba33651a,Angela Armstrong,abc@abc.com
b1e89d0c-2fc7-4079-aaff-a974815ac904,Jessica James,abc@abc.com
f6b1d5bc-06aa-4224-9fc0-f12bf4f26682,Amy Garcia,abc@abc.com
a7129f41-859b-447d-b3cd-56ff47cd3ed3,Ryan Watts,abc@abc.com
e59d0fca-a727-4945-b1f2-d86afee480ac,Douglas Hill,abc@abc.com
53a8429a-af83-4866-a961-9b7a05e29cfc,Dale Ellis,abc@abc.com
8b650022-e89a-4539-a8da-b259b29daa0e,Lisa Lopez,abc@abc.com
69e3fb59-6f05-4b8a-b283-989481eb46f0,Mary Pacheco,abc@abc.com
473d7c15-4c0e-47da-bffc-7d224127e2b6,Allison Clark,abc@abc.com
cf76f0a4-71de-4a38-b40b-55c38b30f1a8,William Diaz,abc@abc.com
f11e5c4f-7208-49b5-8715-fcf5a01bec68,Jonathan Arroyo,abc@abc.com
0349eea1-35ba-4fea-a418-5330d745efac,Brad Hogan,abc@abc.com
13057128-f625-45a9-a6d3-75d2e6fd49cd,Andre King,abc@abc.com
6546df49-45ca-48a4-8574-6eb7892b5369,Dennis Lopez,abc@abc.com
7b9dd9df-d95e-446b-9ed5-de52dc14381d,Vanessa Howell,abc@abc.com
f13e1850-1d41-48cc-92fd-331d4ae3e3f6,Michael Steele,abc@abc.com
34c1feed-41cc-4a41-bee4-e93e3e969ac1,Lisa Martinez,abc@abc.com
a36087c6-ab97-4314-aeef-332079b2b01c,Lisa Townsend,abc@abc.com
51f4a91f-1a36-482f-9a2b-395fe997deb5,Cindy Adams,abc@abc.com
1f1106d3-642c-46a6-9b81-d870884ec340,Kathleen Rivera,abc@abc.com
62bd2fa7-a2d9-4547-aae0-1a834d5c7972,Michael Conner,abc@abc.com
92904f36-43ce-43dd-885c-301c3b42051e,Scott Harrison,abc@abc.com
a312b40c-7f68-4dc6-a261-47ed24f38a28,Rebecca Carr,abc@abc.com
a4d36f8a-d471-468a-9dfa-193a13dcfca1,Steven Williams,abc@abc.com
59c9cdb0-c68f-47f5-944e-dbf40922ae0f,Miranda Dixon,abc@abc.com
0c990efc-ff03-4b72-82e3-1d1d7d453ace,Kathy Thomas,abc@abc.com
675dc99c-baa7-49de-b3ba-fc39f63f83f7,Rebecca Jones,abc@abc.com
c9fe297d-0773-4edd-9658-89cf719fb14e,Sydney Wise,abc@abc.com
1556600a-39d3-4899-b162-2771e29b7b28,Kristi Washington,abc@abc.com
1bc2d306-8e15-4dc7-bda9-29ea4c9a420e,Jerry Thompson II,abc@abc.com
98472919-5043-48ee-ad93-57858ed52529,Renee Gibson,abc@abc.com
d3e26dca-2e34-4f05-a7ac-e4abf134729e,Michael Ball,abc@abc.com
00914614-3f90-4484-a56d-24cf3cf90173,Joshua Mann,abc@abc.com
49839999-faed-43e7-8de0-e7c1d4bb51e4,Joshua Webb,abc@abc.com
259ee5c2-ddde-4195-a61f-05bc049dde93,Jessica Meyer,abc@abc.com
5202d72e-4c2a-4295-8e01-72bea03f1db4,Howard Copeland,abc@abc.com
f39b956c-f799-431e-960b-df911f90c865,Vanessa Schmidt,abc@abc.com
6ce4e60c-a319-4de3-8def-3500f6cb8b6e,Brittany Daniels,abc@abc.com
88348ed5-8c02-47ea-8973-a9d5efbc6650,Ashley Bradley,abc@abc.com
55640fe5-a0d2-426b-99e8-d1dd358fff28,Heather Monroe,abc@abc.com
fe7f165b-3fde-4c68-b457-5135d1b0a43b,James Stuart,abc@abc.com
70489c3d-94b7-4385-9406-a7889f8b97cf,Jeffrey Bailey,abc@abc.com
71a1679e-1142-49b1-af4f-b34cb778a091,Amy Taylor,abc@abc.com
f490fd55-45bb-4907-80bb-62439bc1312d,Emily Shelton,abc@abc.com
e38d66c8-82bf-44a1-acd2-2768c9c6c5ae,Amanda Hodges,abc@abc.com
7b9e158d-b79a-46f8-ae1a-95f972799e05,Jason Richards,abc@abc.com
78550938-1950-4b66-b939-78f075113e32,Mary Gillespie,abc@abc.com
d87184a9-7bed-433e-a6d6-eb74e10b9765,James Thomas,abc@abc.com
81172cca-58fd-4b2d-b22e-d642a2b0c62e,Joseph Boyer,abc@abc.com
d2a533b2-13c0-4ceb-bc9a-2f0993e9cad3,John Marshall,abc@abc.com
6856af2f-9309-4953-9d47-3775e6d48de6,Frederick Wiggins,abc@abc.com
638d2072-ab6c-48f7-af82-fbb970e33886,Dana Smith,abc@abc.com
56972926-522f-43da-96b1-f3adf575eb23,Mr. Brandon Thomas MD,abc@abc.com
3f1bca67-8c68-491e-b4d9-d5df0cad2c8e,Taylor Summers,abc@abc.com
aadfa167-71fc-47a4-bc78-3f3b714b0b2d,Micheal Ross,abc@abc.com
bae4710d-8eaa-4449-a475-c76b52cbec65,Jeremy Hernandez,abc@abc.com
17472f3f-a294-4888-bcad-6dc5202e407c,Mark Mitchell,abc@abc.com
7f63a40d-7ad5-4d26-9c49-f3704ea5cbb7,Kelsey Miller,abc@abc.com
51aa8520-bd57-41d9-acf3-7edc436a2b3d,Martin Cook,abc@abc.com
d3f9bcff-a849-4eb3-8293-029c5bf30dfe,Shirley Kim,abc@abc.com
40e3c735-6cbf-4199-ae16-993253c73b18,Cathy Castillo,abc@abc.com
977dcba9-5655-4f4c-ad69-c99d756324c7,Lisa Mason,abc@abc.com
390b8e8f-946f-4430-bb49-e8506cc2e41e,Kelly Bennett,abc@abc.com
c0433b60-2334-466f-af73-be52d642d18b,Andrew Stewart,abc@abc.com
06812f31-5646-442e-8819-d6f647b960b4,Christopher Graham,abc@abc.com
e135ab75-1ce5-419f-ac7f-c7071f499113,Michelle Anderson,abc@abc.com
5f4b09eb-d3c0-4930-b340-13cd7465ebf6,Susan Castillo,abc@abc.com
0f3dab1d-29c9-4ebd-a59f-a0f485467391,Carrie Wilson,abc@abc.com
1e77b8de-351f-4028-b2a9-65cb92140bd0,Danielle Gray,abc@abc.com
4d0dfa38-62ff-495f-9168-32443029c4af,Matthew Schmidt,abc@abc.com
87b47812-a1cb-40ea-8379-175be2a99fd9,Teresa Evans,abc@abc.com
c19d60f8-6da8-498c-981f-a93b2150a61d,Julie Taylor,abc@abc.com
7c5ce774-5b71-4436-83aa-024aa24afa79,Angela Smith,abc@abc.com
20fb7ccc-bd94-4b19-8b04-d3a74bc4ebe2,Megan Forbes,abc@abc.com
0d0a0a58-9f83-4f4a-97a0-fba6510cfa6a,Dana Gentry,abc@abc.com
5b9b0b48-fa72-4188-828e-8e0f51203eeb,Joseph Adkins,abc@abc.com
8c3c6366-d573-4a06-bd7c-c36ef7f99409,Catherine Navarro,abc@abc.com
0ad2a01c-cfbd-41c7-8460-687b4387e6be,Kevin Martinez,abc@abc.com
4cf28ac3-f0f7-4b45-aebd-8d496b50f755,William Johnson,abc@abc.com
9458f544-5222-459e-960f-e523143659a6,Miguel Palmer,abc@abc.com
deea838b-c480-4570-9c15-a08132d008cc,Sonya Moore,abc@abc.com
af2da76c-f63f-4f91-ba6a-8f16d43ff8e3,Jessica Valdez,abc@abc.com
4b5e9fb7-3de5-4fec-add4-564e3205eca1,Brittany Brown,abc@abc.com
206bcdb3-1fbd-493e-82e0-d97bb41a9818,Matthew Young,abc@abc.com
4b997c67-95ae-482c-b10a-08c58c2de35a,Nicholas Mcdowell,abc@abc.com
373bd38f-5564-4420-b49d-a41307a64731,Ronnie Knight,abc@abc.com
cf40c6b5-459b-48eb-b65c-355cdf9e5d7a,Daniel Cuevas,abc@abc.com
181edd8a-b2ef-4d0d-942c-33945571fe7a,Brenda Kent,abc@abc.com
38716836-003d-4131-a543-c7841fe33fdc,Brandon Lindsey,abc@abc.com
41e97d24-dbd1-4c28-809f-be52a8a64216,Anne Jackson,abc@abc.com
06db0c92-823a-443c-b4a3-4348f1fef228,Richard Martinez,abc@abc.com
5e162bf5-0b1e-49fd-af58-7c5cd5f8b1f4,Chris Graves,abc@abc.com
d9bbf89f-c856-48b7-b67a-f8db2845a3d0,Lawrence Mclaughlin,abc@abc.com
b6284cb3-9a5a-4370-96b8-566b854e1cbd,Ryan Austin,abc@abc.com
6c9d8f8b-d27f-419d-ad89-4a044de55737,Jessica Taylor,abc@abc.com
846f29dd-aaf8-4869-94ee-049c6ff3d371,Deanna Torres,abc@abc.com
ebf456e0-4c77-4e5b-b6b1-65d00677c704,Sarah Harris,abc@abc.com
b7b5bd3a-8a67-48b6-bfaf-166aecd71e94,John Anthony,abc@abc.com
af92016a-55d2-4725-8cb1-124caeb29d3e,Crystal Mendez,abc@abc.com
890a337b-52fb-423d-8f9a-c1480145a09b,Andrew Perez,abc@abc.com
a230119c-2ae6-4088-a2c0-d5cb1c0992f2,Stacy Ibarra,abc@abc.com
7d5010cc-e558-4cce-a77b-b6b3184f2ee5,Michele Allen,abc@abc.com
3dbfd027-f1fe-4b58-9694-9bde6ed6dd38,Kyle Evans,abc@abc.com
b5b6504e-2129-446c-b99b-27bba2b25480,Nicole Hall,abc@abc.com
e9ac7f36-dc43-4fd7-8cb4-a7113c123e18,Erik Mason,abc@abc.com
ffdde993-1266-4c51-a224-7fde12a81ab6,Robert Dillon,abc@abc.com
5480c366-0574-41d2-b502-e912a5404985,Shawn Burnett,abc@abc.com
59c3f3f8-b5a9-42bd-a7b9-756a15f859ac,Sherri Hernandez,abc@abc.com
8cf2a426-5b90-4cfd-9144-a94f951e09eb,Patricia Williamson,abc@abc.com
0d102795-06e9-44bc-817d-070c61fd692c,Brian Lopez,abc@abc.com
7017770f-5a64-4fbf-8079-6bf08c4e3093,Sarah Yoder,abc@abc.com
17936fdb-49b5-4c1a-b1c4-7786143f817e,Brett Santiago,abc@abc.com
496a7d79-f30f-4a1d-8b03-0f9c3e8113b3,Amanda Bates,abc@abc.com
e41ed9f2-875c-40de-9ef3-47ce319563e9,Jeanne Morrison,abc@abc.com
b589a3af-a180-4b15-a3a4-be06b0938e55,William Wang,abc@abc.com
55ed7425-81d6-42bf-9d12-58b604340727,Robert Carter,abc@abc.com
afb2c047-971f-47e4-9b90-e0151a679bdb,Kevin Elliott,abc@abc.com
734fe47b-5e9a-4c45-a692-18cda0588c81,Thomas Horne,abc@abc.com
0fc4c6f0-0871-47e5-9334-53c81be4eeb6,Hailey Galloway,abc@abc.com
18ef169b-eae9-48df-911d-298d23d28f8b,Danielle Anthony,abc@abc.com
b1ceb834-2ab6-4a76-b8af-3c093640c7d4,Mark Lucas,abc@abc.com
2e40e2fe-f50e-4a16-92ae-6800d7e3e047,Shaun Berry,abc@abc.com
bc60d9d5-7992-4187-a7ad-4e89e59fa7f4,Gene Frazier,abc@abc.com
ac91c554-cccc-49b9-9d7f-92ab01fa9a2e,Kelly Wells,abc@abc.com
103b7697-7821-4f49-9598-91ba405ea16c,Lindsay Noble,abc@abc.com
ed717d2e-47ea-4b9a-9d80-61f1c1b657b4,Jessica Griffin,abc@abc.com
1aca0e93-c9c7-45f6-9a9a-dbadad52a873,Courtney Roberson,abc@abc.com
7fee16d4-d08e-4564-af4a-5a0e84753148,Charles Allen,abc@abc.com
375ddaaa-3b94-4464-9521-6693b3926fc9,Luis White,abc@abc.com
5ffa8e1c-fe42-4172-bb20-a85c7bb9c56a,Sarah Smith,abc@abc.com
3e8f385c-edd1-455d-8efb-4a784abb54c5,Tracy Santos,abc@abc.com
e3be757a-d826-4cb9-aa30-414893454dd7,Monica Warren,abc@abc.com
cd5be295-c423-4fa6-8632-5847cf93d887,Alicia Holder,abc@abc.com
20390c78-de43-4ace-acb1-07714ee42b96,Scott Jackson,abc@abc.com
e7a1eb07-3bb0-4f61-9462-263cee433728,Kimberly Nunez,abc@abc.com
02e08eab-1933-41d2-91cd-62bbe4e752ee,John Williams,abc@abc.com
73be83bb-db2b-4c85-b3df-69e4a0bede88,Emily Bishop,abc@abc.com
0134b780-4f86-4fdb-accb-47ecc24ebc2c,Brittany Johnson,abc@abc.com
dc50861f-f12f-4a39-b979-dc16665070e4,Jorge Ellis,abc@abc.com
2d0eea07-69f9-46f6-acc8-ed46daa301f1,James Mitchell,abc@abc.com
4fc37f30-0abb-4b7e-9fd5-7b266413dfa5,Brandon Ford,abc@abc.com
0ca923bb-abbc-4fca-9813-aeed5c6e4dc8,Jason Rodriguez,abc@abc.com
0dfbeb0b-6c6b-4f97-b02e-ae4603b167c3,Nicholas Ballard,abc@abc.com
4859cd14-65bd-4954-bd3f-52dab5ba884b,Samantha Mills,abc@abc.com
3a4f50e8-efa1-450f-8520-89dc99754b1d,Stephanie Powers,abc@abc.com
8e2cf189-936a-4991-9802-5d1575720c48,Katherine Martinez,abc@abc.com
912fac8c-9290-48d3-ab5b-6da56615df70,Alison Benitez,abc@abc.com
9caadf1a-d9c1-4e01-b774-5b2129b0c289,Lisa Lee,abc@abc.com
0ed609d6-33b4-4c38-829f-f7e0d9dd03b5,Adam Reynolds,abc@abc.com
cf85c1a8-0edd-4e78-a5f7-e2fea76a1644,Amy Mitchell,abc@abc.com
a459afef-9778-4f5f-8255-38cf2575dbe5,Jennifer Cantu,abc@abc.com
a51d45e4-b69d-438c-b5ab-31123317dec0,William Rodriguez,abc@abc.com
515469fb-009e-4e92-85cc-a65f9066e2bd,Angela Robinson,abc@abc.com
198ba27f-aea6-44f4-9132-ff2b4dac8af6,Mary Nicholson,abc@abc.com
49c54738-7196-43b0-b594-a6d3682606d5,Robert Mitchell,abc@abc.com
fab57f46-f41e-4a88-b47d-72c99fe68698,Amanda Castro,abc@abc.com
9c71cfb7-ffda-4fcf-8c29-2749e5f30bf9,Margaret Hart,abc@abc.com
b8f5fd1a-f46f-4804-b5e5-8f4bcbea501b,Christopher James,abc@abc.com
7d5fec61-da56-4f42-b6f1-936df3fcebdf,Natalie Hatfield,abc@abc.com
4a423954-dadf-4e8f-aa6c-e10e93977fc6,Patrick Holloway,abc@abc.com
88b8fe89-d8f2-44e0-9235-54df185be249,Stephen Hughes,abc@abc.com
c11e3cf8-34e6-4814-81dc-dcb00f820457,Patrick Bowers,abc@abc.com
2b150091-59f5-4f82-9780-ff55ad28fa1d,Kimberly Jones,abc@abc.com
111058ce-59a6-4fde-9946-098de700bc35,Tony Lewis,abc@abc.com
1504618b-2fbc-49c8-b469-5755d5812c30,Victoria Russo,abc@abc.com
6c2c087c-25b5-4823-ab90-42917c9e97f6,Julie Dillon,abc@abc.com
8cb36c00-5370-4f88-8344-2b344192219e,Renee Price,abc@abc.com
6e9a77ca-1f0f-4edb-9efe-e67c7568d1a9,Chelsea Schultz,abc@abc.com
47a65849-f752-4233-9596-71c288aa7d4c,Michael Leon,abc@abc.com
fd800c17-08a7-4119-abd0-fb0588e884d5,Stephen Acosta Jr.,abc@abc.com
ac94f5b7-f9f4-4354-b5ba-7cb9d8dfc470,Leah Caldwell,abc@abc.com
1c87fe21-f7d9-472e-9110-44dc2c0779a0,Eduardo Kennedy,abc@abc.com
07cd9919-a956-4330-8346-fdb4e033f39b,Stephanie Navarro,abc@abc.com
11725236-8234-4f7d-9d01-387fcdfed799,Joseph Heath,abc@abc.com
8585a781-4e86-441e-a6ce-a87b8f4f9a61,Ashley Davis,abc@abc.com
9d7b250f-5d33-4ea0-8334-50a126c238ea,Robert Anthony,abc@abc.com
e249f60d-5539-4465-98ec-9f96c9686955,Dylan Smith,abc@abc.com
e25fa090-aae5-4e12-af21-761ab752b280,Charlotte Davis,abc@abc.com
dda8f0b9-3970-47ed-9871-62e78cfab410,Savannah Nguyen,abc@abc.com
d57fe05a-7d23-4c6d-b1da-26b12d6e1464,David Nguyen,abc@abc.com
00f7fbf8-e4f4-45e1-a22a-57b2788e945d,Annette Oliver,abc@abc.com
f1d3ea3d-d965-4689-8678-ba87d082c3be,Katherine Roy,abc@abc.com
5d04e9e5-b32b-49d1-a4ec-00c78c970f21,Angela Vasquez,abc@abc.com
ffdf4123-f48a-4be0-8523-7a7e2641270c,Lee Hill,abc@abc.com
7f8604b0-be31-45da-8290-cbc58045765c,Jacob Barrera,abc@abc.com
c04aef4a-5c65-43ad-a4ca-cced35885d52,David Baxter,abc@abc.com
16b724dd-5380-4c45-a6f5-f8e515439702,Ryan Cain,abc@abc.com
a03a6e4a-0227-4eb8-a57f-8b36aad5b273,Matthew Williams,abc@abc.com
117e6bd4-4d85-4ead-a283-657107b77cb5,Elizabeth Hobbs,abc@abc.com
ba82833c-3b51-413b-ba47-26859827bf2f,Melissa Vasquez,abc@abc.com
364ecb30-8505-41f2-9d98-23924f8e6a76,Steven Wood,abc@abc.com
757dafa6-0204-46b9-8df2-4d2eeae871cd,Alicia Blake,abc@abc.com
5755d0f8-4306-4749-88b6-16d8d52fac29,Kristina Garcia,abc@abc.com
4a9450a4-5e2a-46d2-b92a-7216cb01b623,Charles Howell,abc@abc.com
03acf0fc-e385-4008-8c8c-ce9ff590bb0b,Jason Jones DDS,abc@abc.com
7a798798-2d24-4904-aa35-4dcdbb585112,Daniel Wagner,abc@abc.com
b805238f-5dce-4602-b29b-54af09452fff,Tricia Garcia,abc@abc.com
3d7b3f8b-61b8-4e80-ad7c-b4c05c05cd3e,Wyatt Hickman,abc@abc.com
865d5047-6bb1-40e6-9e8b-f4e6ecd32bb8,Wanda Osborne,abc@abc.com
6f6b1578-88c1-435e-bc04-1f3eeebb7de3,Valerie Russo,abc@abc.com
77988aaa-bd57-4c6f-be65-adc0dcca6421,Cassidy Jones,abc@abc.com
3ff241f6-a121-40a0-9910-a6abfe5e98f2,Jacob Mccarthy,abc@abc.com
d1f91bd8-8ba6-41c6-b018-7cd972e1f358,Brenda Daniel,abc@abc.com
519776a9-4035-4887-8ef6-35a755f81171,Margaret Lopez,abc@abc.com
2a085f0d-6ebf-4d36-8fee-baaefe2db4c1,Vanessa Gilmore,abc@abc.com
00b2add9-3711-44c2-92e5-1c333341ce15,Kelsey Walker,abc@abc.com
62bc804f-acd6-4b38-957e-cc3b0800da92,Dr. Matthew Brooks,abc@abc.com
82920adf-170f-4990-9876-f1fe057a1c51,Michael Gonzalez,abc@abc.com
88679400-4935-4898-b3f4-6cf9528f2d8c,Casey Miller,abc@abc.com
06f35b7c-1d48-4cd3-91b8-ef5c874d3756,Christopher Foster,abc@abc.com
5f327516-ebd8-48e5-b7c1-b8d5815790d8,Stephen Smith,abc@abc.com
cad6d34f-4f46-4772-bffc-ca377365a705,Mrs. Stephanie Riley,abc@abc.com
28571066-d242-4f63-b9b0-d06439abd843,Gabriella Choi,abc@abc.com
f7ff5837-2834-4d0a-be02-dccffa889ab2,Daniel Smith,abc@abc.com
7e99c7a9-3ac3-4cff-85fd-7467281336bf,Michelle Mendoza,abc@abc.com
e21689bc-e08d-493e-a047-5d08ff7fa23e,Sue Bailey,abc@abc.com
720ec940-7e96-49f5-8f88-1933d5c2234e,Darrell Logan,abc@abc.com
581060bd-df04-4f03-9683-60613ed63212,Logan Livingston,abc@abc.com
cf21dad4-43b8-4778-8f25-c3f0fc06ecd8,Sharon Sutton,abc@abc.com
9ed75dd2-b200-444b-b1fb-44d1987c1da7,Jennifer Manning,abc@abc.com
2327e634-2902-4ee6-96f1-2e163beb44c8,Destiny Simmons,abc@abc.com
768afa96-5e5b-4e50-9e84-1c42fbde5858,Melissa Pearson,abc@abc.com
3d4f3cd9-b42b-4c31-a328-9fdf8ccc6d9d,Krystal Mason,abc@abc.com
96458360-d24a-4a1a-b99f-b52196702dc0,Steven Atkins,abc@abc.com
7ec893ee-81ff-4039-af68-428771e708c1,Justin Miller,abc@abc.com
e652afb4-dd2b-415c-beb4-3ed01dbd3b35,Jill Reynolds,abc@abc.com
aa52e98d-8dc3-4141-8a73-f3262b67e9da,Gilbert Kim,abc@abc.com
4634eb4a-eeab-4322-8ad0-d98e11dd4ff0,Caroline Miller,abc@abc.com
0cd5f630-38e0-432a-a144-fb4868f8c933,Julie Johnson,abc@abc.com
0a77d0de-cf93-40b8-bccc-f07be01126a7,Elizabeth Blanchard,abc@abc.com
03daf514-b350-43c1-921d-ff75005aeeb2,Frank Moore,abc@abc.com
d5549418-ae25-4e30-9ec9-00a502e1860e,Kristin Payne,abc@abc.com
b98719fd-218d-4087-9cea-632c149347e7,William Hodge,abc@abc.com
f1c53651-3171-4d8c-b8ae-148d07899cfe,Kyle Logan,abc@abc.com
ed851c60-e04b-43b0-8c8c-783c761e4400,Ashley Ross,abc@abc.com
6caaa733-d598-4778-b966-0810e7c3c495,Paul Gomez,abc@abc.com
dd4e9016-b712-4d41-87a3-c1dfdb11bd62,Michele Moore,abc@abc.com
7e362438-38b6-4971-8fcd-680aa54f780f,Karen Brooks,abc@abc.com
14866e1c-fbf3-4b41-a7e3-9a1e3e27601f,Michael Mills,abc@abc.com
2c8c4746-e8a2-4c65-8c75-a546dffd37ff,Natalie Johnson,abc@abc.com
62b6c21c-5bfc-4da9-9df6-29dad69f60b2,Kathleen Hudson,abc@abc.com
7a0cfa7e-08d6-47a2-9207-449a57cd561e,Leslie Mckinney,abc@abc.com
ee20db81-9978-4f16-a911-6a8f53b56219,Charles Edwards,abc@abc.com
16cc16ab-3338-4486-a99a-a8a3bc27f25e,Margaret Houston,abc@abc.com
ffbac956-0c38-4027-b75d-996ffd281396,Jennifer Sanders,abc@abc.com
aa7858ad-73c7-4c32-a395-e416c71aa6e7,Jordan Atkins,abc@abc.com
e08534c9-27d1-4804-b1c1-b5ba80a391a5,Jennifer King,abc@abc.com
c43ac66b-acf0-4aeb-89e9-fa95fd8232de,Emily Dunlap,abc@abc.com
5311f000-99cb-4138-bf05-03e7c97da105,Linda Snow,abc@abc.com
3ad708fc-e422-4550-8851-a7e8459dc367,Tamara Odonnell,abc@abc.com
b66b133a-6fa0-4895-a064-45b84dc7f0db,Benjamin Turner,abc@abc.com
d86885de-3fb1-417e-94ea-46cd0e0b811a,Wayne Baker,abc@abc.com
82ef43f6-83db-4380-9715-3b523c42ec08,Paula Mcdonald,abc@abc.com
88682190-69ba-4043-9496-7911d490e82e,John Paul,abc@abc.com
bafb87e0-d205-4e70-b571-d3a072084728,Kathryn Cox,abc@abc.com
f37ae031-3496-4e32-81d0-b8c81dfbd646,Meagan Robinson,abc@abc.com
7d255ccf-1210-4e5f-a347-2928a0685a4c,Sharon Sims,abc@abc.com
33012275-6cfc-4f18-9da1-f32440442a47,Troy Henry,abc@abc.com
5890887c-99e6-44d9-914d-46cb9eb536c2,Natasha Thompson,abc@abc.com
282f4217-d19a-4c3a-a60d-226a819a245a,Melissa Gonzales,abc@abc.com
d79a3183-6b23-4754-aacf-d343bf3e62cc,Stephanie Campos,abc@abc.com
f67411fe-d590-479b-a73b-10232020b872,Walter Allen,abc@abc.com
8780cdb4-06cd-409a-8b19-3519b909e032,Alyssa Jones,abc@abc.com
fe6a439e-7d99-43dc-8a98-e8700602d275,Brandon Fisher,abc@abc.com
a372bfc1-cdf3-480e-94ac-10b3ba020d63,Erin Murphy,abc@abc.com
b933534a-b9c7-49aa-a93f-b2ac98436f52,Katherine Spencer,abc@abc.com
c7e60f41-721b-4ada-9276-3219088ade5d,Kristin Lewis,abc@abc.com
c68cf835-09f7-4042-b57b-118e9cbf5aec,Stephen Sloan,abc@abc.com
043b67df-44fc-4946-b7a9-cbb46ee39b7b,Bradley Gonzalez,abc@abc.com
c44e42a6-cde8-4b0d-9c18-a960410b69f0,Andrew Cohen,abc@abc.com
a5de34db-7c3b-47df-be88-e1549da4ec78,Barry Mann,abc@abc.com
c64cf7b6-b1c6-4dca-9737-07ed7530c738,Nicole Smith,abc@abc.com
dbab76ee-9dce-48e0-99ca-042e83d46684,Christine Wilkerson,abc@abc.com
ec177b51-9d07-40d2-a6fb-6cb07a650045,Diana Robinson,abc@abc.com
b98e31e4-d14b-4b79-80b4-6ec5a1407cf4,Emily Briggs,abc@abc.com
93e6d743-fb0b-41d1-bd57-698b1fcba34e,Dorothy Arnold MD,abc@abc.com
673a360c-f31e-4b44-9c0e-d7fa22891dd8,John Perez,abc@abc.com
c6077534-0dd5-46bd-bee6-c84d966bb167,Rhonda Watkins,abc@abc.com
6ef8db08-ee2e-435d-ab36-37214a2c87e7,Maria Garcia,abc@abc.com
a0c23194-18d2-4bb2-8775-7052ec6ca0e8,Holly Walker,abc@abc.com
87c125b3-8d51-41f9-b49b-0401a66c69d1,Charles Pineda,abc@abc.com
642b9f0b-6783-4ac6-ba4d-ef4d558dd5b7,Thomas Valencia,abc@abc.com
00021479-3c84-410b-aea4-7f421750d552,Brandon Small,abc@abc.com
72ca9f5e-15f8-470c-a721-45859684844d,Ernest Martinez,abc@abc.com
59c2110f-19f7-4b19-ad11-29f7151a95b7,Michael Flores,abc@abc.com
37eb3af8-53de-4970-8057-e767ef1d09ab,Steven Reyes,abc@abc.com
4ffed915-ffa0-46e9-8770-fab430dda644,Michelle Barton,abc@abc.com
e5d22da4-cfa5-472e-9e65-3580ff3248c4,Renee Clark,abc@abc.com
19c7c87b-f2d7-451e-aa98-2dcebc623ff1,Thomas Armstrong,abc@abc.com
35dec2b0-fec6-4eca-9616-39056e08e670,Megan Faulkner,abc@abc.com
15c6cfde-0f95-4602-99d9-44693075beb5,Kyle Carroll,abc@abc.com
a56b6c38-ecc9-4926-ae8a-bf9ba3c82e59,Dominique Reed,abc@abc.com
b3edc05f-5fc1-4bd0-9d32-d75cfc7355ea,Jennifer Castro,abc@abc.com
95548093-61d9-4d47-83b5-bb9aa184c27f,Terry Welch,abc@abc.com
fdd9afd1-7a1b-4a40-b0f8-98ca05cfcc66,Amy Charles,abc@abc.com
bfa4e38f-4c14-4b00-bb69-c14f0ed448c7,Tyler Ramirez,abc@abc.com
564a24d2-2c6d-41f2-8423-6aac0dff2c13,Samuel Vincent,abc@abc.com
df865315-5892-4198-9557-00786776df25,Brittany Morales,abc@abc.com
3d4c2015-b567-4e99-8707-0210c3fdf287,David Reed,abc@abc.com
f08c7624-8742-431c-a82a-89375da522e9,Stephanie Reyes,abc@abc.com
d2180abf-327f-4a2a-84b1-c007612d3514,Anthony Jimenez,abc@abc.com
b14ccd49-e779-4fc3-80f1-9e37fd49f249,Jonathan Lee,abc@abc.com
cb9751c4-277e-4804-98bd-593c90fa2c49,Emily Farrell,abc@abc.com
3d40e90e-4cfa-47f2-a3b5-00aedb0a8558,Madeline Smith,abc@abc.com
8bc307da-f134-42a1-9435-9461c5fbe323,Carrie Silva,abc@abc.com
b80b0ff1-f58f-49f9-97a9-47368f5f5c73,Russell Hutchinson,abc@abc.com
10d466c4-1425-4c09-b43d-1214b92fb996,Theresa Barrett,abc@abc.com
f8462427-909c-4395-b25e-a99d9998c0bf,Carrie Franklin,abc@abc.com
a7cb1d98-34af-4c1b-99e3-6c2dd528b35d,Stacy Ferguson,abc@abc.com
6d05d994-9fec-4002-b314-32556f1af488,Nathan Webb,abc@abc.com
50eddfc1-2132-4d11-af0b-3a3166390a03,Emily Hall DDS,abc@abc.com
bf0a3701-b9c9-4d1a-b8cd-1ca1ae700b1a,Michael Thomas,abc@abc.com
751b173c-f8c6-4379-b29c-553758b550c3,Corey Rasmussen,abc@abc.com
408058e3-9a67-4828-983e-a828e6d465ea,Benjamin Rice,abc@abc.com
5db3fefc-978f-4c82-8494-115e1ba90d26,John Jones,abc@abc.com
75f8b250-ca17-4af1-bd73-5e75d5a75716,Jennifer Manning,abc@abc.com
0fd8a828-f9b4-45ac-bd1a-18991206d5ba,Stephanie Dorsey,abc@abc.com
685163de-9ded-498d-9896-a326dba1a5f4,Ashley Le,abc@abc.com
525f4cab-8801-435a-8c6e-7d799304241b,Henry Flores,abc@abc.com
b5d307b0-483a-48d9-befd-f1cd1f09c186,Misty Robinson,abc@abc.com
1822bf0d-c245-43cc-aad6-83b6b609e320,Christine Gonzales,abc@abc.com
5094ae31-e822-4de9-aead-a09effe94a61,Joshua Martinez,abc@abc.com
2b4f5c5c-af17-4c97-98d6-afcf457480d1,Ryan Serrano,abc@abc.com
c17d76ca-c6d5-4b03-a89a-48c883076abb,Edward Whitney,abc@abc.com
4789db71-28ad-4aff-8fd7-91a5458bf88b,Frederick Singh,abc@abc.com
44240806-deb8-478b-8cf5-e08092409adc,Amanda Harper,abc@abc.com
12fc267b-16d2-40c2-9b57-46cc1351748b,Matthew Love,abc@abc.com
aafc3cbe-bbde-4dee-be8a-ba234691fc55,Brendan Rodriguez,abc@abc.com
7645149c-e675-4edb-b944-55166fb8dfbd,Walter Richardson,abc@abc.com
bdaedafc-81b1-41f9-b328-a875dc97b882,Roy Torres,abc@abc.com
60bca56a-0012-4a05-b391-affd9c0b1946,John Simmons,abc@abc.com
284e3a10-393a-4f97-8ba4-7446188fbcb7,Rachel Willis,abc@abc.com
c7d9096c-2c26-4317-8d38-352d7d4f65e9,Natasha Johnson,abc@abc.com
950b3e13-3cc2-4887-a972-e25c61b5d355,Hannah Benton,abc@abc.com
6927f1fc-4274-4d1e-9453-8b7ae4e7ccad,Mrs. Karen Martin,abc@abc.com
e363caf6-9673-46cc-a87b-6b61fcbd2cbd,David English,abc@abc.com
78207792-e36d-47d8-84ad-3ff5505dfc70,Jason Chung,abc@abc.com
8694febe-6823-4ec5-8dce-0b3821e19903,Timothy Waller,abc@abc.com
ae8c9f77-5eaf-4f83-bc5b-6aa2b6e90b5b,Nicole Bishop,abc@abc.com
b6af738a-b950-470c-a2b3-9e402b00933e,Donald Smith,abc@abc.com
c197945f-413b-482a-b02c-944190e9b1dd,Melissa Austin,abc@abc.com
24f6be12-8ae3-4f1e-a186-15293a1e7f88,Kevin Salinas,abc@abc.com
4d6f5c07-f6df-4201-b20f-49b253fbdcc7,Michael Hall,abc@abc.com
8d391f4d-15ad-42b9-8cbf-b47220910b1a,Thomas Watkins,abc@abc.com
f663dc4d-27f4-4659-9fbb-6b86b95478b4,John Hartman,abc@abc.com
fbdcb13d-222e-499e-b79c-db283dc58eaf,Christopher Wilson,abc@abc.com
4f692d85-bdc2-41d1-a43f-37adc6a8badf,Melanie Roberson,abc@abc.com
7ea90706-a2b6-499e-8540-d0eab41c5616,Elizabeth May,abc@abc.com
b60037d4-c4e7-465a-979d-0e6fed8558b7,Steven Hall,abc@abc.com
83e6e52b-2c0c-4830-9817-128e98b93ce1,Jessica Bowman,abc@abc.com
d9562630-28f2-40f1-95f0-bdf601359c7d,Daniel Burton,abc@abc.com
f3c06529-01d9-4c6a-9ebd-63d7229f1bb4,Tracy Gibbs,abc@abc.com
63ad42d9-a2c0-4370-975d-3ee9a1792425,Jeffrey Ball,abc@abc.com
87394bb4-d7b6-4fe4-8052-8daa0a9676a5,Linda Carlson,abc@abc.com
9ef5a39f-a205-47b2-b931-26be7bdafc2d,Michael Vaughan,abc@abc.com
6602d849-4252-46d2-a431-16432fd6bb24,Karen Obrien,abc@abc.com
5a415433-9b00-416d-9e92-a4293b8e74c5,Erin Lucas,abc@abc.com
54f01679-e2b4-40c8-bba1-68f9d8953840,James Brennan,abc@abc.com
99ec562c-3ec7-4185-8da5-47430aff8c1f,Lisa Pierce,abc@abc.com
cbe2cddf-4cd0-4b74-a85d-e55f515fc79f,Kerri Blair,abc@abc.com
c892247b-87bb-4f7d-add4-5ca486068831,Tyler Evans,abc@abc.com
64320bc7-3325-43ab-b0c1-9c911e1175dc,Aaron Wilson,abc@abc.com
28e02ecd-c99d-4d98-ad22-5d2d36644cf1,Michael Schultz,abc@abc.com
9ad18536-40ea-4b4f-af98-542c556fdc30,Joanna Hodges,abc@abc.com
3841903c-9487-4412-addf-8245575f1aa7,Amy Simmons,abc@abc.com
a8c9d099-65fd-4366-bb21-32886c372f99,Donald Diaz,abc@abc.com
f9d950ed-7ad8-4b5e-9ee3-1297a3ac16be,Misty Reed,abc@abc.com
0a342a90-b366-4293-9743-fde51f8e3b57,Natasha Carter,abc@abc.com
ab7a89d0-24a6-4635-93e5-efe54296d617,Robert Riley,abc@abc.com
1b6092a5-55f4-4780-82be-ee27a94b97cc,Jonathan Rowe,abc@abc.com
f41b21cf-24d6-4ad3-be0c-53863d679bcd,Victoria Edwards,abc@abc.com
d2acf248-2aea-4e88-a729-cd08ee2b3b62,Rebecca Torres,abc@abc.com
80ef9e0c-a7d9-4f25-869d-d3ef8fd0a69c,Carly Harris,abc@abc.com
05749a52-ad65-4d29-b2ef-eb5ad8926195,Sarah Hunt PhD,abc@abc.com
7475e104-2599-45a5-ab9d-9717c4a7e2d8,George Ortiz,abc@abc.com
c3cb368c-d603-43a4-8cba-202cdaffaa0b,Daniel Mendoza,abc@abc.com
fd9a466a-80f5-4cb8-ad75-dc54089d9008,Matthew Walker,abc@abc.com
5b8de6b1-b4fa-44ab-8a61-5744fa774ea3,Harold Jacobson,abc@abc.com
5a51b080-db67-438c-b64c-a7c6a1a08982,Brandon Shannon,abc@abc.com
ba8bf7bc-b49d-4e77-a4a0-20064d8f401f,Amber White,abc@abc.com
1ff42247-182b-4e48-976a-f82eb31a20cc,Mrs. Melissa Bernard,abc@abc.com
81fa3c8d-8d09-4f46-b868-10a163a30c41,Angela Compton,abc@abc.com
19da0f77-5ae7-479b-8e00-860ff42bf83f,Lawrence Brown,abc@abc.com
477d5741-fa40-4bf1-906b-507c86567d12,Kelly Singh,abc@abc.com
34a4c0df-c8df-4d34-b668-69b00db9008d,Scott Perkins,abc@abc.com
41210bc8-8533-4128-b29f-29e836eadf54,Traci Maddox,abc@abc.com
037573d8-e79b-4833-b930-c57cfdfe5443,Christopher Hall,abc@abc.com
4eb3c959-8b56-456d-abf6-1dce0c0b02a4,Lynn Smith,abc@abc.com
6031f54b-2838-4718-ba54-c4100829543e,Nicholas Gray,abc@abc.com
fce54d4c-2c7f-4762-9c3c-416983c64512,Marc West,abc@abc.com
9c097559-177e-4bf8-a151-5162595d85c9,Christian Schneider,abc@abc.com
024644bc-55ab-4fac-8197-565ec2bcc20e,Jessica Bauer,abc@abc.com
a12a6962-1a84-42e5-869a-fd87f453853e,Michele Mayer,abc@abc.com
d986d43c-5c5a-4729-be62-ef421885300e,Peter Ross,abc@abc.com
6b6e0eec-c3fe-4147-9f0c-a256feec3184,Susan Phillips,abc@abc.com
4c858e17-8eea-4ae0-a150-75cfd58cacf3,Mark Barnett,abc@abc.com
2d477a25-4aa4-4267-8326-8f1c0a8c10ea,Emily Brown,abc@abc.com
55608fe2-a73a-47ee-acca-237ee936307d,Sharon Marshall,abc@abc.com
889c8460-37e6-49e8-87ca-1d961684fa1b,Kevin Jackson,abc@abc.com
4eb97b81-baf0-41e0-9840-ebf7fe26d231,Mary Kim,abc@abc.com
95fe587c-c1d5-4a88-a736-b046db2b2b42,Michael Perez,abc@abc.com
23c44e6e-554a-4367-9d0b-63301d7c95c3,Christy Rios,abc@abc.com
16ad5e58-11c2-44e0-b488-2493264b627a,Christina Hall,abc@abc.com
9909bd02-7621-4fee-9919-92f94d036591,Justin Perry,abc@abc.com
5ee27c59-c872-417d-9809-5f821874c51b,Justin West,abc@abc.com
e7453f9e-3a99-49fd-b32d-1960c2269eb2,Jeffrey Cannon,abc@abc.com
2fb0c496-87a3-4b67-90ed-e45d6f6c6db4,John Phillips,abc@abc.com
522de15e-b412-4bb9-b435-f1466787ef90,Kevin Evans,abc@abc.com
dfbeeccd-dc58-40ea-b958-d867d23952e8,Roy Stewart,abc@abc.com
f99303b3-a8f6-4d69-8ea1-56523aa771b8,Roger Campbell,abc@abc.com
5f310ca7-a434-4162-b64c-685202051e1f,Charles Romero,abc@abc.com
9b389ae0-ad6c-4860-9481-d43a4c317569,Jason Henderson,abc@abc.com
aae37833-49ca-4b40-885f-7fae83bc3b7d,Christina Lane,abc@abc.com
b9f162b6-77be-47c7-afc0-104f7a36192d,Sarah Ross,abc@abc.com
e0acf644-7185-416f-a5b5-e47f7d3c0f21,Jamie Hughes,abc@abc.com
09ba4b51-d78c-48c1-bcea-c859ebc21733,William Clark,abc@abc.com
c28fbdb7-a880-428b-875d-e3d5dae4bbb2,Cynthia Gonzalez,abc@abc.com
f941c205-17d2-41ed-ab97-30479080e018,Heidi Smith,abc@abc.com
646f7351-3ab4-4c40-a21b-5c7770ee3f0b,Pamela Davis,abc@abc.com
e26d14d5-f6c8-4c4d-9646-86bc0738e4b5,Matthew Reynolds,abc@abc.com
235d061c-27b8-46f5-bdf7-f04abe427384,Alexis Gutierrez,abc@abc.com
edab6822-3085-4e94-b6c9-3bd199149e5b,Ashley Lewis,abc@abc.com
b4c683d9-e346-41f5-85a9-2649f7cc2804,Cody Perez,abc@abc.com
19bb56db-d7b8-48cc-8c54-3c4aef47e567,Tracey Larson,abc@abc.com
fd9a97ca-fb11-4244-84bd-e456d4c30fb5,Paul Thomas,abc@abc.com
354e144b-d416-4ceb-8de5-8281079a6735,Adam Carpenter,abc@abc.com
be080dcb-1819-4619-b678-da8b7617e76d,Shannon Yoder,abc@abc.com
b1b15c05-a293-48d8-a8ca-92c8681d883d,Jonathan Herman,abc@abc.com
606f5f9e-c154-4055-9850-e1c3034201b0,Kathryn Black,abc@abc.com
2fbccd0b-b2da-4f1a-8172-a0212abbeeef,Kathleen Williams,abc@abc.com
0c0fa8cd-8963-4a24-b9e9-c56ee47e8c8b,Brandon Alvarado,abc@abc.com
9fe8cada-90ab-49d8-a0bc-8c9c2c95350e,Nicole Johnson,abc@abc.com
45fde409-4570-4254-8ee9-2e943499998c,Diana Webster,abc@abc.com
6f8e9543-0616-45a2-8d20-98f5810d171e,Kayla Brooks,abc@abc.com
026e7f66-76da-4476-931f-a1eaf7cd3dc8,Rodney Brandt,abc@abc.com
70abf7c2-e661-4179-b591-f61fda25baf0,Aimee Oliver DVM,abc@abc.com
55f9296b-668f-47c9-ba61-d6a7a3d66dfa,Michael Smith,abc@abc.com
dffc5fb3-5627-467c-92ac-1c18763a9a03,Jasmine Knight,abc@abc.com
db458ab8-ba53-4d74-940a-b62eeab3e513,Laura Taylor,abc@abc.com
62fc405a-6242-451e-b0c9-029c173e2e1e,Lindsay Shepard,abc@abc.com
1510ad0b-9dd4-4293-89ff-a0c37fb095b2,Erika Mccarthy,abc@abc.com
18ba9d2a-4d42-44a1-8ffe-cc674a7cb20e,Ashley Santiago,abc@abc.com
bcc17367-8430-48b1-a838-5f85baffc7e1,Jody Foster,abc@abc.com
b4a61465-5d57-41b9-97c1-b3efc0502180,Derek Francis,abc@abc.com
128761a4-04a7-40dc-968c-74721956169c,Heather Mason,abc@abc.com
4e371378-0eb2-4376-a718-4dc4f1062fab,Kristen Ramirez,abc@abc.com
cc74aadd-80a4-45fd-b230-b295b4786628,Jeffrey Lopez,abc@abc.com
59518dd4-9403-4570-a342-4abb28c7de2b,Deborah Patterson,abc@abc.com
362f2496-daac-4faf-90c5-5e8e97ecb504,Jennifer Davis,abc@abc.com
9ff3d4ca-e70b-4740-a7da-a9431da9fc7f,Kevin Marquez,abc@abc.com
13dcef95-597d-4d80-a9f3-9b1930683039,Matthew Rogers,abc@abc.com
b462ace4-d459-49f4-830c-94c7d9c5c65a,Brandi Jackson,abc@abc.com
383356d3-3712-4edf-9c44-e2d3a73be264,Dave Murphy,abc@abc.com
20d6a222-cd7d-4fca-aa5f-95c41a6a2deb,Carrie Mueller,abc@abc.com
ee03c287-9886-40c1-8b4f-bc227545bf1d,Lisa Jones,abc@abc.com
0c592dda-6f0b-4f69-a780-e34e6010f4a4,Teresa Moreno,abc@abc.com
44228210-13e7-4d05-a15b-fb9a7efc7592,Patricia Joyce,abc@abc.com
a221098f-b1ef-4c19-849e-0aeb8871fc22,Max Alvarez,abc@abc.com
018d5e04-406a-473a-9369-a3138828674c,Cynthia Thomas,abc@abc.com
30a0dcac-332e-4523-a981-0deb075337b7,Sarah Yang,abc@abc.com
c3b9defc-afd3-4670-a9db-88e8aaccac31,Lauren Waller,abc@abc.com
ecf11662-47ef-4af4-aaa6-9b168ad7ce85,Christopher Cannon,abc@abc.com
7f90c118-5098-4356-ba00-e0433dd2a62e,Timothy Bowers,abc@abc.com
4ee4b391-8394-4e4f-bcff-f893510f5ba6,Dr. Tina Thompson,abc@abc.com
8db94591-c98a-4b8f-b65c-f5f0195ec8f7,Stephanie Love,abc@abc.com
a945178f-d357-4c6c-b050-800c915695e1,Whitney Collier MD,abc@abc.com
0edb68ad-2e19-4272-919f-320bc5fec428,Abigail Wolf,abc@abc.com
91c8f943-6ffe-4653-b743-b2b7b09e7c3e,Jacob Richards,abc@abc.com
beb0e981-8794-4737-a2f7-eadeb85a984f,Catherine Robinson,abc@abc.com
22c87884-fb1f-4f9c-a87a-227099b671b8,Cameron Smith,abc@abc.com
8639c6d8-9152-414d-a514-4196fdc7fd7b,Sarah Smith,abc@abc.com
866e2da5-34e6-471e-a2ac-e3d7fc79a51a,Louis Davis,abc@abc.com
45ebf958-1655-451a-a037-f3ef3dfb0286,Melanie Cervantes,abc@abc.com
b0c09c55-dc56-46d5-8073-2451907dcd6f,Jeff Brown,abc@abc.com
0a74bb41-a1a7-4cbb-be47-04b16631aba6,Teresa Humphrey,abc@abc.com
323a34a0-88c3-4b3f-bfcb-03d7c7639069,Ellen Jordan,abc@abc.com
62389836-a47c-44b4-ab21-39bde62d6d9f,Benjamin Salinas,abc@abc.com
8f9ccafd-674a-4d02-b51e-6b1d33d349b3,Casey Barnes,abc@abc.com
08fabaaa-c34d-4e20-830f-bf16fc5d9440,Tony Murphy,abc@abc.com
0a1677c0-e806-493e-9aca-ef83f33d4d12,Raven Johnson,abc@abc.com
87415fca-51fc-4908-9878-4ea1a83df0ff,Amy Robinson,abc@abc.com
4f086bbf-7139-457b-aa2b-187f8690b004,Margaret Roberts,abc@abc.com
e9721680-f06d-4404-9203-737f3584c404,Douglas Coffey,abc@abc.com
684d7ece-72fb-408f-82f4-e1f1099469b1,Jessica Wade,abc@abc.com
79dfb3ec-28c5-466f-95b1-73192c14f3f6,Amber Lopez,abc@abc.com
54b28c5a-dd36-4aed-afec-36614f6002b9,Christian Young,abc@abc.com
26e63ebf-e67d-4bfe-b0f2-c8b7bdef097e,Donna Collins,abc@abc.com
ced494df-bd86-4bf6-92dc-ef69e0eb3674,Patricia Smith,abc@abc.com
1b80f0fa-b02b-4299-8ef0-e43ab64eb693,Jessica Hernandez,abc@abc.com
79d7ca0e-d9bc-49bc-ba2f-13ad77709638,Kelly Miller,abc@abc.com
826cccbe-7b98-4a8e-b97a-673692d1182e,Norman Martin,abc@abc.com
fbc01763-bbac-46db-b4c7-283f42a7227d,Thomas Peterson,abc@abc.com
6f0301bc-aff8-465e-b790-95edf2f88528,Lisa Huber,abc@abc.com
7545bbdd-e838-4484-8635-ef981cbf72d1,Joshua Simmons,abc@abc.com
7753e17a-87a6-4200-916d-176abffb75b3,Mary Ryan,abc@abc.com
01471d11-220c-47b4-8d88-615eccc95fa1,Steven Edwards,abc@abc.com
8b5a947d-98f1-46ee-81e6-8482cbcdcabc,Derek Hunter,abc@abc.com
227a0eb9-3703-4a55-a34f-00c1ccddf685,Megan Johnston,abc@abc.com
62e729f8-7b53-46f5-a018-6bbf909e421f,Eddie Brown,abc@abc.com
3ee44fcc-ec2c-4db3-b058-1c37ccf8b296,Samuel Thomas,abc@abc.com
46216c31-e638-4f36-8025-4bb56b0c9105,Kenneth Hudson DDS,abc@abc.com
dfab1b71-c2d7-4314-aef9-bdf1d815693d,Joseph Murray,abc@abc.com
94cb4b3e-29ce-4553-aae6-cc72ce7d8c81,Deanna Kennedy,abc@abc.com
1ea57a91-08b5-46e2-af90-7730bf929e89,Gina Green,abc@abc.com
4be2a169-5022-44b4-a3c7-f22b05f91d19,Elizabeth Walker,abc@abc.com
cfb18f52-366e-4817-bbb9-8eca40ed3d4e,Kyle Mckinney,abc@abc.com
f3dc1ca5-7362-4fa3-91ef-e89a8c200cc7,Calvin Strong,abc@abc.com
6d2c7335-50f0-4f13-baf9-f32413b44c7a,Katherine Lutz,abc@abc.com
71e052a5-20b9-48a9-bf21-4be1ee5b41a0,Jeremy Stokes,abc@abc.com
eaaa63bb-bb71-4942-808f-d978f209a0d7,Adam Rice,abc@abc.com
ced29fea-7ffb-4db9-8011-f10bf29c83c8,Hannah Anderson MD,abc@abc.com
3382a295-1a64-4018-9d2c-d97abb7de1f8,Sharon George,abc@abc.com
a77262e1-631b-4163-8d07-623a27571c30,Joseph Robertson,abc@abc.com
3b950071-2173-4116-b30b-db85104f90db,Amber Coleman,abc@abc.com
0b334179-934f-4b20-a334-949c93fb052c,Michael Dixon,abc@abc.com
8df0e5ef-61a4-45dc-9676-655b3fd78bbf,Andrea Randall,abc@abc.com
a9015906-a78b-4c7f-b113-067c3e4887d3,Carl Marquez,abc@abc.com
044e5002-8fde-4ea3-aef7-4009dbbd2e3e,Megan Jones,abc@abc.com
3b5d2cb8-c7e5-4095-8d4d-7c571b2b71f8,Robin Vargas,abc@abc.com
a1fa7e0c-f4df-4d3e-a291-3f65c458c55f,Matthew Thomas,abc@abc.com
d0681a9e-1a80-4904-af7f-e374cdfe25a8,Christine Morrison,abc@abc.com
6bf54eea-be65-4b6e-973e-7b3224430bea,Cheryl Jenkins,abc@abc.com
5885f76a-95f2-417c-b00e-83ac9348b3bd,Casey Estrada,abc@abc.com
a451d319-8271-4a18-b3a2-5063822bbf8b,Matthew Chapman,abc@abc.com
eff438c8-5e55-4e27-83d9-bae01592c21c,James Brown,abc@abc.com
19bc03d2-061b-4ce4-a1d8-b9c12f1a977b,Michael Morris,abc@abc.com
01db7e73-d9b8-4bc0-894c-75a00f9ebc7b,Benjamin Adkins,abc@abc.com
6db220d2-b4f1-4b50-9700-34b824954681,Nathan Howard,abc@abc.com
afec9010-cd46-49df-8023-8d054659beff,Joseph Smith,abc@abc.com
55c06f1e-c7d3-42e8-bcba-d53171150b80,Trevor Pierce,abc@abc.com
99be0c83-5c09-42fb-a4cb-0bb1a8993ba7,Marcus Wood,abc@abc.com
ce48275d-bb9a-4d0f-8368-200fa60bb73c,Mary Ellis,abc@abc.com
5dcfbb01-79e1-4694-874c-14e3fb2efdf5,Carla Murphy,abc@abc.com
8eeb28bd-8754-46fd-a691-144af15482d0,Pamela Rosales,abc@abc.com
4c64da36-abfc-4abd-84dc-130132578754,Jeremiah Smith,abc@abc.com
36f10555-e385-465d-813c-8b80ed6e53fa,Amber Rush,abc@abc.com
aef6952c-7c3b-4780-9dda-2f795d350e7a,Robert Marsh,abc@abc.com
b07f6138-c8c9-4a33-b9c9-1fa88d595722,Todd Burton,abc@abc.com
2d3aada2-db73-434d-9d06-8429ce7cd32f,Stephanie Price,abc@abc.com
8c4bacb3-06da-4dec-9660-907280766214,Anna Fleming,abc@abc.com
2876a71c-e3c7-496b-b535-fc4e56ef9223,Nicholas Meyer,abc@abc.com
595960a2-a181-4710-be5f-9ec5ab089d0c,Sarah Franklin,abc@abc.com
ab3076af-62c7-4e55-a26f-99b089ca860c,Steven Robinson,abc@abc.com
1474d86b-26f6-497c-baba-8d6ba4185cfa,Veronica Farmer,abc@abc.com
ebfefc60-fdd2-466b-9490-8306d3419926,Lisa Aguirre,abc@abc.com
9f3bb8b0-1ea2-49e1-afba-50dd1dfd1e00,Elizabeth Lynch MD,abc@abc.com
fa35f937-3c97-4816-81d2-cc0eb964fe52,Ashley Franco,abc@abc.com
896f7bfe-c210-4b28-8dfa-a06f6873469d,Garrett Black,abc@abc.com
1f39b077-48c5-40eb-bbea-193202c1e702,Kimberly Kaiser,abc@abc.com
891e5513-c2df-4d73-a0bc-7329a0948b95,Chase Rogers,abc@abc.com
4fb6911d-993f-4176-8c67-d71fcee47253,Cindy Gomez,abc@abc.com
ffc10e89-66a2-478f-8b8f-14422a8ef4da,Derek Brown,abc@abc.com
8482b1c8-b296-463b-9abc-143e53e2f161,Aimee Kennedy,abc@abc.com
a8659790-8735-469f-8a32-2ec9ca58accf,Robert Young,abc@abc.com
057c975e-9f23-4593-b959-4bd2215fe639,Jacqueline Lewis,abc@abc.com
d6989434-15dc-4f5a-8d4e-e2ca6070cba6,Audrey Campbell,abc@abc.com
ab7bc4eb-d1f1-464c-a13a-5ad91dd51dfc,Lori Hall,abc@abc.com
684e08da-b7c1-454d-aa7c-124fd40505f9,Melanie Davis,abc@abc.com
ee762853-7ac0-4b1a-8d2e-ee9d6b681e91,Brandi Douglas,abc@abc.com
13f5b91c-d935-491a-8a66-9999aed0e68a,Michael Harrington,abc@abc.com
f76fe5f7-44d3-4b2c-9f07-96d6a14c4fa7,Michelle Herring,abc@abc.com
614b6e0a-b047-4b70-8fb1-d6f05673dcba,Michelle Barnett,abc@abc.com
74d97e8a-dfcd-4869-8d8c-612d230249ab,Paul Barnes,abc@abc.com
3661ce7d-3464-402a-a4ff-7f1a2e313f66,Todd Cook,abc@abc.com
7cfb2066-d781-49d5-be3e-2ee1de3810e2,Alex Taylor,abc@abc.com
dc18fe5d-7887-40d3-926a-c07a451157ae,Mark Jones,abc@abc.com
7427518c-4332-4c7e-9039-996bb3347c77,Christina Williams,abc@abc.com
e1962882-88c4-481a-ab6f-047f298b7308,Courtney Lee,abc@abc.com
0bc5dbc8-b309-464e-8f10-c4e9e9acfa98,James Maxwell,abc@abc.com
c2d5cee5-3a98-47ca-bfb0-e1c758025950,Francisco Meyer,abc@abc.com
435c3873-9cf2-4c37-837e-5aa4929d7a6e,Valerie Parsons,abc@abc.com
2098b3ef-e95f-4967-ae56-b021426fd04a,Michael Martin,abc@abc.com
8f83b5a9-a884-4975-b9a1-a5bac78f6dba,Rebecca Roberson,abc@abc.com
a3bc8923-5ca6-4f17-8730-00fbda6bb407,Robert Perez,abc@abc.com
3b20b824-e5bd-4a4d-b9e0-bc53e5936357,Lisa Roberson,abc@abc.com
602f8b7b-76b1-42bc-a8c5-d424e17f1942,Daniel Chapman,abc@abc.com
81bf039a-be06-4212-a9ff-eb0bf17bbebf,Michael Hernandez,abc@abc.com
f4595d12-3a7f-448c-910b-71f52af1185a,Thomas Williams,abc@abc.com
723570a4-baff-4df2-b15e-c22d928bf2a9,Joshua Harris,abc@abc.com
7908263a-78c2-428b-80fb-ae42e3d85358,Amanda Fowler,abc@abc.com
e61c7a01-245a-4eda-ba65-b728e3d5c463,Stephanie Castillo,abc@abc.com
c2bfaac6-2537-4791-81e4-5f9c014a24da,Marc Green,abc@abc.com
e4eb6a14-7924-4315-aa9a-6c8214dc4a83,Janet Griffin,abc@abc.com
d6e9fd08-71d6-4e24-8d73-df7d2dcea6bd,Sabrina Black,abc@abc.com
043de202-17cc-4a10-90dd-167c635972f9,Caitlin Vasquez,abc@abc.com
862c281d-d831-411d-aed9-6ae0724e1994,Heidi Davis,abc@abc.com
5856ba5b-5bbf-49f5-9580-af26879f059c,Brandon King DDS,abc@abc.com
e3516f63-d1a2-4453-bbac-ce19264ac9ce,Tara Osborne,abc@abc.com
2c18b958-dd71-4fef-90d6-e70d02f1f730,Alexandra Colon,abc@abc.com
d8ebe33c-936e-41b2-9589-477f3c267f13,Laura Mccarthy,abc@abc.com
35b02b68-0cd2-43a1-8921-1a50368674f0,Sheila Lewis,abc@abc.com
f4e0ff70-fb5a-4a65-959d-8b53b304b1e1,Adam Carroll,abc@abc.com
67dfead1-c9b5-4ee7-bc04-71fbd2182004,Daniel Stevenson,abc@abc.com
3497f227-86f4-4fff-9b28-d7b308bbff83,Susan Lopez,abc@abc.com
422fa72a-9157-4dc9-ac68-3169158b1546,Amanda Herrera,abc@abc.com
7e24582c-0d83-4ce5-81fc-aa87aa09c8ee,Brian Velasquez,abc@abc.com
43597730-052d-444d-b8a5-a18055278197,Crystal Serrano,abc@abc.com
03f90902-84c0-4980-861f-2be53ec83fc0,Tiffany Zimmerman,abc@abc.com
a10742f2-eda8-41a2-a35d-3bca73c80b13,Mark Chan,abc@abc.com
46fc4c32-50a9-45f9-8816-bc94ce229ee5,Andrew Anthony,abc@abc.com
15a4f1a8-1df2-48f0-9de5-49d6a9fb1ed4,Ashley Ross,abc@abc.com
959511a8-d373-4797-a07d-536acde7cfe1,Adam Roberts,abc@abc.com
c3f860d0-cb53-42b7-b356-42b2a6025bb0,Holly Harvey,abc@abc.com
525cf8b6-4f4e-494e-96d8-9cf9f74b3528,Patrick White,abc@abc.com
213542d8-265b-4f3c-84e7-8705be78dfc3,Jennifer Sheppard,abc@abc.com
8883cf10-75eb-49ef-af0e-ebbaa1a28a1c,Matthew Roberts,abc@abc.com
c93a9198-b370-43c5-b9ad-4906759c6284,Max Daniel,abc@abc.com
9354c6dd-f11b-4f61-8df4-61f07d43d924,Katherine Ryan,abc@abc.com
cfc0dafc-79a1-4c7d-a803-bc4eeea04bcc,Shane Barber,abc@abc.com
758e9541-3b2b-4aa2-9f3a-028bfb499979,Cole Kelly,abc@abc.com
55b37d46-c86a-4846-943b-2ebbb44c4e49,Richard Jones,abc@abc.com
7f09818a-c572-487b-888b-26f14a402a8b,Kevin Tucker,abc@abc.com
035f8c5e-36fb-45c1-8724-a7d27404f1bc,William Ayers,abc@abc.com
302f0f55-c6f6-471e-accc-8f2a86a47fd2,Audrey Marshall,abc@abc.com
be2e799e-6504-47da-8ad9-076063a18f6c,Duane Myers,abc@abc.com
700b62a6-005c-4963-8eef-4a4d689dd573,Amanda Snyder,abc@abc.com
1fc34b85-9df2-4327-9002-398f337e8016,Omar Tyler,abc@abc.com
1c5c9318-c630-4094-881e-651f413ba984,Kimberly Oliver,abc@abc.com
5775715c-c412-4137-88fa-6e6f7987430b,Brian Brown,abc@abc.com
462c6c94-c866-4329-9de0-44132b487b72,Troy Lynn,abc@abc.com
fa5b1ae5-1cf4-4e0b-ba61-60b76484e141,Kathryn King,abc@abc.com
bfc467f9-c2cd-49ee-bca4-5408bddb99bd,Christopher Cain,abc@abc.com
9a18cf80-b111-4b3b-a0c9-4cb384aa2562,Nicholas Jones,abc@abc.com
f04fd524-efee-4c02-9255-4343941eab63,Maria Morgan,abc@abc.com
7487703c-61ee-4cf3-8e72-deb3013e325c,Michael Khan,abc@abc.com
a24b2d14-9021-444a-a1a8-2c9f4c8d884d,Samuel Stout,abc@abc.com
d6f53838-253f-4ad9-b14d-df4b650f689a,Steve Blanchard MD,abc@abc.com
81dbe19c-c4ab-4dc3-ac1a-73b0fb296c17,Brandy Dean,abc@abc.com
ef3e7c57-3787-4d29-aed9-68b0adca3b06,William Sampson,abc@abc.com
01e36b22-0ac0-4dd3-9224-75054ef9c247,Christina Hernandez,abc@abc.com
9f53eded-dc47-4816-b8ee-9281e573954f,Lydia Knapp,abc@abc.com
a951fb65-051b-4659-9851-c21ea72db420,William Wallace II,abc@abc.com
490815a0-a4f5-432c-9049-e0e8ca035508,Jeffrey Durham,abc@abc.com
57c027a2-10cd-41ab-ab39-39596c050b58,Brett Webb,abc@abc.com
14d77975-f0e5-4b96-b76d-74c2c2469878,Andrea Callahan,abc@abc.com
0199a46f-374a-42ca-b8d9-0e5db49ae9a5,Steven Escobar,abc@abc.com
9fa3027f-1166-435f-a375-c3d0a3bc4377,Katelyn Alexander,abc@abc.com
3345c932-e4f8-4773-9bcf-4907d8fdb165,Jason Garrison,abc@abc.com
cefeba37-e661-4f83-b546-bf334a78e57a,Brandon Parker,abc@abc.com
44cb7c5f-10d3-4e3e-b16b-8b1d68619c1e,James Santos,abc@abc.com
affe1c27-8073-41dd-aa0f-ecb39deaf11a,Denise Stone,abc@abc.com
822c6460-0c04-4514-9800-d59144bad947,Mr. Nathan Petersen,abc@abc.com
86a354a9-862d-425e-b3cf-b7b959beef4d,Richard Burns,abc@abc.com
4384d23d-e904-49a9-a010-7c1309c089f3,Laura Reynolds,abc@abc.com
34ccacb5-4bda-4a4c-8140-dccd8761d568,Brandy Harrington,abc@abc.com
09db2f33-464d-46a0-bedd-0108d4d3a71c,Linda Johnson,abc@abc.com
ec2417fa-3817-415a-87b2-22ab2a887525,Christine Harvey,abc@abc.com
8783168d-6f56-4222-b0de-ea2b53b7a0ac,Joshua Buckley,abc@abc.com
352deb65-8b73-40e5-8ddf-138e1d5ee93b,George Cline,abc@abc.com
cf1e74cb-df8d-404e-8d65-5928b51090e9,Susan Maxwell,abc@abc.com
e78734a9-1507-4755-a1ac-e7524fcad854,Katherine Martinez,abc@abc.com
993d43d5-d244-408e-b457-4b1fdd1f7984,Janet Jefferson,abc@abc.com
f9a05312-55e1-4008-83ea-e2f67b3f01a4,Eric Young,abc@abc.com
a15dd782-c004-4019-ae17-4bc47b8f0e35,Michael Davis,abc@abc.com
223a8203-a54b-4caa-8e23-b98f30159ed9,Casey Howard,abc@abc.com
8fbac877-b19c-4805-8a7f-2f264498be03,Megan Baker,abc@abc.com
f8a7b7a7-5ff6-412d-82c1-6885e5c4a4da,Alicia Norris,abc@abc.com
ae82af32-20f2-4f63-ba76-9f29d416a790,Sherry Thomas,abc@abc.com
4fce82ca-cfc6-45a3-b489-3e485d70cf42,Ashley Washington MD,abc@abc.com
f598ed46-3a0c-407f-a445-d01195a02ee2,Carol Vasquez,abc@abc.com
676704e0-8cd8-41f4-b927-4d6b2c3ee726,Christina Johnson,abc@abc.com
c3740ab9-bc16-49c6-a1ff-c142f39b24ee,John Weaver,abc@abc.com
cb6a191e-4e20-4f51-aafe-3d3e3ab90fde,Natasha Wright,abc@abc.com
d1bc2e5c-3b80-45ca-832c-b2efe5d56ee6,Gregory Reynolds,abc@abc.com
8c323ccd-4d0e-4e0f-83d0-38aca58110b5,Sean Manning,abc@abc.com
b4501405-4fc6-4f01-b0c0-d4e43df4154c,Mr. Leonard Mccullough MD,abc@abc.com
8a4d2a6f-a656-49cc-8e3a-93bffdd2cafe,David Byrd,abc@abc.com
518b263b-b45f-4f76-a597-032e74b05404,Angela Roberson,abc@abc.com
fb0cdf34-d8b2-4510-b7b0-b32f48ff4080,Daniel Kaufman,abc@abc.com
8fb0da6c-0a05-4ebb-950b-b7952296e708,Amanda Foster,abc@abc.com
8cd243b1-f4c4-4990-a4bd-05b96eb0dbb7,Stacie Cook,abc@abc.com
0064e8a8-7562-4d61-bb4a-5175ca2fdbac,Diana Rogers,abc@abc.com
987c9aad-8623-437b-a09d-ca8a48503c47,Ashley Miller,abc@abc.com
03a9aeb1-67d5-4324-a74d-dcef951b8c75,Lisa Ramirez,abc@abc.com
8db2a61b-9e1b-4227-b960-66133aa40df2,Carla Jensen,abc@abc.com
be6cb1b1-17f4-4286-a071-5ebc349b7717,Theresa Williams,abc@abc.com
4d7527a9-6dc6-4b8e-a50c-b900460f0eec,Joseph Pope,abc@abc.com
dc7755a1-38b3-4b3e-a7c0-1bea550a0631,Dana Hensley,abc@abc.com
07a3aedf-00bd-47dd-bc0b-cbcd44b0b818,Teresa Summers,abc@abc.com
c5e593a5-4739-4889-ad9e-a22006424be1,Cory Thornton,abc@abc.com
ff4c895c-17ab-4f38-bc94-f3f584a51761,Cynthia Johnson,abc@abc.com
dac6a745-7f69-4989-b73f-ec51b4d244ab,Tony Mendoza,abc@abc.com
fe5dfa9b-16ec-4bf5-b910-b7eff0ade368,Traci Patel,abc@abc.com
cf9e333f-e1c0-4abb-b5f6-b4c9eaf7f111,Ryan Nash,abc@abc.com
bf467f40-51cd-4773-b463-cce4999a5558,Tyler Henderson,abc@abc.com
864b3c0c-41ce-4ff3-9ad4-1d4eea9042ec,Tiffany Bass,abc@abc.com
